class_label,class_weight
0,0.5008340614822464
1,300.23809523809524
