split,rows,fraud_ratio
train,226980,0.0016653449643140364
validation,56746,0.0016741268107003137
