model_1,model_2,mean_f1_m1,mean_f1_m2,f1_difference,wins_model1,wins_model2,total_comparisons,t_statistic,p_value,significant_at_0.05
Random Forest,XGBoost,0.8340870475869623,0.8469795473493129,-0.012892499762350629,6,9,15,-1.0244593928835826,0.31732475707815455,False
Random Forest,Isolation Forest,0.8340870475869623,0.15785365724640746,0.6762333903405549,15,0,15,56.3222064724213,8.338041305963758e-22,True
Random Forest,Autoencoder,0.8340870475869623,0.2629081960770094,0.571178851509953,15,0,15,34.49608308103505,2.3271286304932952e-24,True
XGBoost,Isolation Forest,0.8469795473493129,0.15785365724640746,0.6891258901029055,15,0,15,95.62214352112592,1.0564726035225565e-34,True
XGBoost,Autoencoder,0.8469795473493129,0.2629081960770094,0.5840713512723035,15,0,15,43.30122416680036,3.452027059827783e-21,True
Isolation Forest,Autoencoder,0.15785365724640746,0.2629081960770094,-0.10505453883060192,0,15,15,-8.111813186683827,2.4664988695753354e-07,True
