model,mean_f1,mean_roc,mean_precision,mean_recall
XGBoost,0.8469795473493129,0.980059128169074,0.8676192724039817,0.8294363568495705
Random Forest,0.8340870475869623,0.9580672862770986,0.9502302616138458,0.7449122807017545
Autoencoder,0.2629081960770094,0.936545467424363,0.1601702214378991,0.7468607689436356
Isolation Forest,0.1578536572464074,0.9484737909045352,0.0915638689651537,0.5729525942515863
